INSERT INTO public.app_user (id,"name",email,hashed_password,is_active,created_at,is_verified) VALUES	
	 ('10000000-0000-0000-0000-000000000003'::uuid,'Arhtur Monsalve','lacasadearhtur@yopmail.com','$2b$12$UTw6iQPYZNT.iZhw8gJLSur7ato4/OvaXj0LMpFkU/S1d6ZBlLT3G',true,'2025-07-30 17:53:31.574559-05',false),	 
	 ('10000000-0000-0000-0000-000000000001'::uuid,'Alice Smith','primerusuario@yopmail.com','$2b$12$UTw6iQPYZNT.iZhw8gJLSur7ato4/OvaXj0LMpFkU/S1d6ZBlLT3G',true,'2025-07-30 17:53:31.574559-05',true);


INSERT INTO public.company (id,"name",created_at,is_active) VALUES
	 ('00000000-0000-0000-0000-000000000001'::uuid,'tech corp','2025-07-30 17:53:31.574559-05',true),
	 ('00000000-0000-0000-0000-000000000002'::uuid,'la casa de arhtur','2025-07-30 17:53:31.574559-05',true);



INSERT INTO public.company_user (company_id,user_id,is_active,created_at) VALUES
	 ('00000000-0000-0000-0000-000000000001'::uuid,'10000000-0000-0000-0000-000000000001'::uuid,true,'2025-08-09 13:48:25.96452-05'),
	 ('00000000-0000-0000-0000-000000000001'::uuid,'10000000-0000-0000-0000-000000000003'::uuid,true,'2025-08-09 13:48:25.96452-05'),
	 ('00000000-0000-0000-0000-000000000002'::uuid,'10000000-0000-0000-0000-000000000003'::uuid,true,'2025-08-09 13:48:25.96452-05');


INSERT INTO public."permission" (id,"name") 
VALUES ('fea3ba35-4489-4fc3-9037-504ea5afa841'::uuid, 'user:read'),
	('320feefe-7467-43e0-83bd-8f5f5c6651bf'::uuid, 'user:create'),
	('1a7ed8b8-aef8-428b-a39b-c9a3678399e7'::uuid, 'user:update'),
	('a6dc66a2-126e-48ef-a1db-7c9ad6ae0649'::uuid, 'user:delete'),
	('77f8c2c8-0782-4c1f-bc27-740936cf098f'::uuid, 'company:read'),
	('4772c37a-0797-419d-a154-d618b9b15c8f'::uuid, 'company:create'),
	('864dfcb3-0979-4af4-99de-f14464c784f4'::uuid, 'company:update'),
	('43923e81-1b47-4546-9ac5-2f6cb0972403'::uuid, 'company:delete'),
	('41592a05-8afd-453d-a3c2-309661719efa'::uuid, 'role:read'),
	('cee14831-0929-4b56-9411-4d9abe192505'::uuid, 'role:create'),
	('4179213f-a434-4b6f-9a80-18e9bfb68569'::uuid, 'role:update'),
	('92e93b7d-3c81-4527-b2ec-adc337c716b2'::uuid, 'role:delete'),
	('83da9238-2acc-4b0c-bb08-082bfc436cb4'::uuid, 'permission:read'),
	('3542e07d-c5b8-4360-a52d-86b518644d58'::uuid, 'permission:assign'),
	('ad85e94f-02d1-4d23-9d01-d5d16d07da0c'::uuid, 'system:admin'),
	('ca4d2439-8e33-4b2e-aabd-555825f3ec92'::uuid, 'dashboard:read'),
	('b553e5f3-da30-4daa-9f24-f3b832913102'::uuid, 'reports:read'),
	('e738ba99-b6b7-44e5-8bac-697389b3415a'::uuid, 'settings:read'),
	('3e80c34a-c365-40dd-9569-3f3a4394da53'::uuid, 'settings:update'),
	('e8dc8d5d-c57c-44a7-b34e-f25b3b708924'::uuid, 'client:read'),
	('a1068f79-a1fc-4677-83b8-8fe96ef63be8'::uuid, 'client:create'),
	('ccaa5ea7-c4c4-408c-8234-64da7676a5c0'::uuid, 'client:update'),
	('dc959ecd-da5a-4ec3-a301-24c50b150c96'::uuid, 'client:delete'),
	('2066f626-496e-460c-b959-1d9b800645e7'::uuid, 'client:view'),
	('8b818c4a-b3b3-4891-8295-b58e95182267'::uuid, 'category:view'),
	('598c6861-9a2b-4dd3-9963-f22d1155e0f0'::uuid, 'category:update'),
	('6be7d629-6c16-4bfd-9d27-ff5041b4300b'::uuid, 'category:delete'),
	('d340cb2e-0f9c-437d-96b5-366dbedd1e78'::uuid, 'category:read'),
	('db170eef-eebe-4634-8fe8-c2e16e65ee13'::uuid, 'category:create'),
	('ca21f67d-3286-468b-ab63-f379bdee95a1'::uuid, 'product:view'),
	('760e0b57-a037-4698-882f-49c2925e5e04'::uuid, 'product:update'),
	('d29120af-2471-45d7-8a78-b9f2b53a5347'::uuid, 'product:delete'),
	('fd0f27e4-c78c-4d0f-9781-e75e902e4bb8'::uuid, 'product:read'),
	('02d3a5db-400d-4d14-ad8a-50b7ca6fd42e'::uuid, 'product:create'),
	('350321de-7df3-4936-8488-90a1000d5b61'::uuid, 'provider:view'),
	('3de24380-5e2a-4950-a63f-377bb985a662'::uuid, 'provider:update'),
	('4d1f42e8-1779-4b3c-ab46-7be58007dfc5'::uuid, 'provider:delete'),
	('4853cb05-8f26-4e93-ba17-b33a6558613f'::uuid, 'provider:read'),
	('e1921ab0-e023-40b8-80b2-a66b4011849c'::uuid, 'provider:create'),
	('c0f664f0-e91e-4c6f-917f-311a8c24e8f7'::uuid, 'sale:view'),
	('d6aeb017-142c-4d48-ba38-fb1b0c66fcf2'::uuid, 'sale:update'),
	('dccb6571-3c3e-41bc-a156-4588b3d51acd'::uuid, 'sale:delete'),
	('54749112-b11d-4490-ac74-7901912f4cc0'::uuid, 'sale:read'),
	('8d5bddf0-fdeb-495a-87d1-c9ed83859cb4'::uuid, 'sale:create'),
	('db551fff-8ae1-4519-9d65-50aba907de85'::uuid, 'sale:detail');

INSERT INTO public."role" (id, company_id, "name") 
VALUES ('20000000-0000-0000-0000-000000000003'::uuid, '00000000-0000-0000-0000-000000000002'::uuid, 'Manager'),
	('20000000-0000-0000-0000-000000000004'::uuid, '00000000-0000-0000-0000-000000000002'::uuid, 'User'),
	('20000000-0000-0000-0000-000000000001'::uuid, '00000000-0000-0000-0000-000000000001'::uuid, 'admin'),
	('20000000-0000-0000-0000-000000000002'::uuid, '00000000-0000-0000-0000-000000000001'::uuid, 'user');


INSERT INTO public.role_permission (role_id, permission_id) 
   VALUES ('20000000-0000-0000-0000-000000000001'::uuid, 'a1068f79-a1fc-4677-83b8-8fe96ef63be8'::uuid),
	('20000000-0000-0000-0000-000000000001'::uuid, 'dc959ecd-da5a-4ec3-a301-24c50b150c96'::uuid),
	('20000000-0000-0000-0000-000000000001'::uuid, 'e8dc8d5d-c57c-44a7-b34e-f25b3b708924'::uuid),
	('20000000-0000-0000-0000-000000000001'::uuid, 'ccaa5ea7-c4c4-408c-8234-64da7676a5c0'::uuid),
	('20000000-0000-0000-0000-000000000001'::uuid, '4772c37a-0797-419d-a154-d618b9b15c8f'::uuid),
	('20000000-0000-0000-0000-000000000001'::uuid, '43923e81-1b47-4546-9ac5-2f6cb0972403'::uuid),
	('20000000-0000-0000-0000-000000000001'::uuid, '77f8c2c8-0782-4c1f-bc27-740936cf098f'::uuid),
	('20000000-0000-0000-0000-000000000001'::uuid, '864dfcb3-0979-4af4-99de-f14464c784f4'::uuid),
	('20000000-0000-0000-0000-000000000001'::uuid, 'ca4d2439-8e33-4b2e-aabd-555825f3ec92'::uuid),
	('20000000-0000-0000-0000-000000000001'::uuid, '3542e07d-c5b8-4360-a52d-86b518644d58'::uuid),
	('20000000-0000-0000-0000-000000000001'::uuid, '83da9238-2acc-4b0c-bb08-082bfc436cb4'::uuid),
	('20000000-0000-0000-0000-000000000001'::uuid, 'b553e5f3-da30-4daa-9f24-f3b832913102'::uuid),
	('20000000-0000-0000-0000-000000000001'::uuid, 'cee14831-0929-4b56-9411-4d9abe192505'::uuid),
	('20000000-0000-0000-0000-000000000001'::uuid, '92e93b7d-3c81-4527-b2ec-adc337c716b2'::uuid),
	('20000000-0000-0000-0000-000000000001'::uuid, '41592a05-8afd-453d-a3c2-309661719efa'::uuid),
	('20000000-0000-0000-0000-000000000001'::uuid, '4179213f-a434-4b6f-9a80-18e9bfb68569'::uuid),
	('20000000-0000-0000-0000-000000000001'::uuid, 'e738ba99-b6b7-44e5-8bac-697389b3415a'::uuid),
	('20000000-0000-0000-0000-000000000001'::uuid, '3e80c34a-c365-40dd-9569-3f3a4394da53'::uuid),
	('20000000-0000-0000-0000-000000000001'::uuid, 'ad85e94f-02d1-4d23-9d01-d5d16d07da0c'::uuid),
	('20000000-0000-0000-0000-000000000001'::uuid, '320feefe-7467-43e0-83bd-8f5f5c6651bf'::uuid),
	('20000000-0000-0000-0000-000000000001'::uuid, 'a6dc66a2-126e-48ef-a1db-7c9ad6ae0649'::uuid),
	('20000000-0000-0000-0000-000000000001'::uuid, 'fea3ba35-4489-4fc3-9037-504ea5afa841'::uuid),
	('20000000-0000-0000-0000-000000000001'::uuid, '1a7ed8b8-aef8-428b-a39b-c9a3678399e7'::uuid),
	('20000000-0000-0000-0000-000000000001'::uuid, '8b818c4a-b3b3-4891-8295-b58e95182267'::uuid),
	('20000000-0000-0000-0000-000000000001'::uuid, '598c6861-9a2b-4dd3-9963-f22d1155e0f0'::uuid),
	('20000000-0000-0000-0000-000000000001'::uuid, '6be7d629-6c16-4bfd-9d27-ff5041b4300b'::uuid),
	('20000000-0000-0000-0000-000000000001'::uuid, 'd340cb2e-0f9c-437d-96b5-366dbedd1e78'::uuid),
	('20000000-0000-0000-0000-000000000001'::uuid, 'db170eef-eebe-4634-8fe8-c2e16e65ee13'::uuid),
	('20000000-0000-0000-0000-000000000001'::uuid, 'ca21f67d-3286-468b-ab63-f379bdee95a1'::uuid),
	('20000000-0000-0000-0000-000000000001'::uuid, '760e0b57-a037-4698-882f-49c2925e5e04'::uuid),
	('20000000-0000-0000-0000-000000000001'::uuid, 'd29120af-2471-45d7-8a78-b9f2b53a5347'::uuid),
	('20000000-0000-0000-0000-000000000001'::uuid, 'fd0f27e4-c78c-4d0f-9781-e75e902e4bb8'::uuid),
	('20000000-0000-0000-0000-000000000001'::uuid, '02d3a5db-400d-4d14-ad8a-50b7ca6fd42e'::uuid),
	('20000000-0000-0000-0000-000000000001'::uuid, '350321de-7df3-4936-8488-90a1000d5b61'::uuid),
	('20000000-0000-0000-0000-000000000001'::uuid, '3de24380-5e2a-4950-a63f-377bb985a662'::uuid),
	('20000000-0000-0000-0000-000000000001'::uuid, '4d1f42e8-1779-4b3c-ab46-7be58007dfc5'::uuid),
	('20000000-0000-0000-0000-000000000001'::uuid, '4853cb05-8f26-4e93-ba17-b33a6558613f'::uuid),
	('20000000-0000-0000-0000-000000000001'::uuid, 'e1921ab0-e023-40b8-80b2-a66b4011849c'::uuid),
	('20000000-0000-0000-0000-000000000001'::uuid, 'c0f664f0-e91e-4c6f-917f-311a8c24e8f7'::uuid),
	('20000000-0000-0000-0000-000000000001'::uuid, 'd6aeb017-142c-4d48-ba38-fb1b0c66fcf2'::uuid),
	('20000000-0000-0000-0000-000000000001'::uuid, 'dccb6571-3c3e-41bc-a156-4588b3d51acd'::uuid),
	('20000000-0000-0000-0000-000000000001'::uuid, '54749112-b11d-4490-ac74-7901912f4cc0'::uuid),
	('20000000-0000-0000-0000-000000000001'::uuid, '8d5bddf0-fdeb-495a-87d1-c9ed83859cb4'::uuid),
	('20000000-0000-0000-0000-000000000001'::uuid, 'db551fff-8ae1-4519-9d65-50aba907de85'::uuid),
	('20000000-0000-0000-0000-000000000002'::uuid, 'db170eef-eebe-4634-8fe8-c2e16e65ee13'::uuid),
	('20000000-0000-0000-0000-000000000002'::uuid, 'd340cb2e-0f9c-437d-96b5-366dbedd1e78'::uuid),
	('20000000-0000-0000-0000-000000000002'::uuid, 'e8dc8d5d-c57c-44a7-b34e-f25b3b708924'::uuid);

INSERT INTO public.user_role (user_id,role_id) VALUES
	 ('10000000-0000-0000-0000-000000000001'::uuid,'20000000-0000-0000-0000-000000000001'::uuid),
	 ('10000000-0000-0000-0000-000000000003'::uuid,'20000000-0000-0000-0000-000000000001'::uuid),
	 ('10000000-0000-0000-0000-000000000003'::uuid,'20000000-0000-0000-0000-000000000004'::uuid);

